cds_code,county,district,nces_code
0110017,Alameda,Alameda County Office of Education,0691051
0131609,Alameda,California School for the Blind (State Special Schl),0600002
0131617,Alameda,California School for the Deaf-Fremont (State Special Schl),0600003
0140402,Alameda,Mission Valley ROC/P,0601397
0161119,Alameda,Alameda Unified,0601770
0161127,Alameda,Albany City Unified,0601860
0161135,Alameda,Amador Valley Joint Union High,No Data
0161143,Alameda,Berkeley Unified,0604740
0161150,Alameda,Castro Valley Unified,0607800
0161168,Alameda,Emery Unified,0612630
0161176,Alameda,Fremont Unified,0614400
0161192,Alameda,Hayward Unified,0616740
0161200,Alameda,Livermore Valley Joint Unified,0622110
0161218,Alameda,Mountain House Elementary,0626130
0161226,Alameda,Murray Elementary,No Data
0161234,Alameda,Newark Unified,0627060
0161242,Alameda,New Haven Unified,0626910
0161259,Alameda,Oakland Unified,0628050
0161267,Alameda,Peralta Community College,No Data
0161275,Alameda,Piedmont City Unified,0630330
0161283,Alameda,Pleasanton Joint Elementary,No Data
0161291,Alameda,San Leandro Unified,0634680
0161309,Alameda,San Lorenzo Unified,0634710
0161325,Alameda,Sunol Glen Elementary,No Data
0174005,Alameda,Tri-Valley ROP,0600084
0174013,Alameda,Eden Area ROP,0600085
0174021,Alameda,Mission Valley ROC/P,0600086
0174039,Alameda,East Bay Regional Occupational Agency (ROP),0600088
0174187,Alameda,Hayward-Newhaven,No Data
0175093,Alameda,Dublin Unified,0600019
0175101,Alameda,Pleasanton Unified,0600020
0175119,Alameda,Sunol Glen Unified,0600021
0175622,Alameda,State Board of Education Charter,0600070
0175705,Alameda,SBE - KIPP Summit Academy,No Data
0176372,Alameda,SBE - Livermore Valley Charter,0600151
0176380,Alameda,SBE - Leadership Public Schools - Hayward,0600152
0176653,Alameda,SBE - Livermore Valley Charter Preparatory High,0601344
0177180,Alameda,SBE - Latitude 37.8 High,No Data
0210025,Alpine,Alpine County Office of Education,0691058
0261333,Alpine,Alpine County Unified,0602070
0310033,Amador,Amador County Office of Education,0691001
0332045,Amador,Preston School of Industry,No Data
0332227,Amador,Pine Grove Youth Conservation,No Data
0332276,Amador,CEA Amador Co,0600050
0361341,Amador,Ione Unified,No Data
0361358,Amador,Jackson Unified,No Data
0361366,Amador,Oro Madre Unified,No Data
0373981,Amador,Amador County Unified,0602450
0374856,Amador,Amador County ROP,0600089
0410041,Butte,Butte County Office of Education,0691002
0461382,Butte,Bangor Union Elementary,0603780
0461408,Butte,Biggs Unified,0605040
0461424,Butte,Chico Unified,0608370
0461432,Butte,Durham Unified,0611730
0461440,Butte,Feather Falls Union Elementary,0613710
0461457,Butte,Golden Feather Union Elementary,0615480
0461465,Butte,Gridley Union Elementary,No Data
0461473,Butte,Gridley Union High,No Data
0461499,Butte,Manzanita Elementary,0623700
0461507,Butte,Oroville City Elementary,0629100
0461515,Butte,Oroville Union High,0629130
0461523,Butte,Palermo Union Elementary,0629540
0461531,Butte,Paradise Unified,0629820
0461549,Butte,Thermalito Union Elementary,0639180
0473379,Butte,Pioneer Union Elementary,0630520
0474682,Butte,Butte County ROP,0600090
0475507,Butte,Gridley Unified,0600051
0510058,Calaveras,Calaveras County Office of Education,0691003
0532003,Calaveras,Fricot Ranch School for Boys,No Data
0561556,Calaveras,Bret Harte Union High,0605940
0561564,Calaveras,Calaveras Unified,0606870
0561572,Calaveras,Mark Twain Union Elementary,0623970
0561580,Calaveras,Vallecito Union,0640680
0574864,Calaveras,Calaveras County ROP,0600091
0610066,Colusa,Colusa County Office of Education,0691004
0661598,Colusa,Colusa Unified,0609570
0661606,Colusa,Maxwell Unified,0624150
0661614,Colusa,Pierce Joint Unified,0630360
0661622,Colusa,Williams Unified,0642540
0710074,Contra Costa,Contra Costa County Office of Education,0691005
0761630,Contra Costa,Acalanes Union High,0601650
0761648,Contra Costa,Antioch Unified,0602850
0761655,Contra Costa,Brentwood Union,0605910
0761663,Contra Costa,Byron Union Elementary,0606750
0761671,Contra Costa,Canyon Elementary,0607350
0761697,Contra Costa,John Swett Unified,0618990
0761705,Contra Costa,Knightsen Elementary,0620040
0761713,Contra Costa,Lafayette Elementary,0620310
0761721,Contra Costa,Liberty Union High,0621600
0761739,Contra Costa,Martinez Unified,0624030
0761747,Contra Costa,Moraga Elementary,0625740
0761754,Contra Costa,Mt. Diablo Unified,0626370
0761762,Contra Costa,Oakley Union Elementary,0628080
0761770,Contra Costa,Orinda Union,0628860
0761788,Contra Costa,Pittsburg Unified,0630600
0761796,Contra Costa,West Contra Costa Unified,0632550
0761804,Contra Costa,San Ramon Valley Unified,0635130
0761812,Contra Costa,Walnut Creek Elementary,0641250
0774344,Contra Costa,Contra Costa County ROP,0600092
0776810,Contra Costa,SBE - Synergy,0601419
0777024,Contra Costa,SBE - Rocketship Futuro Academy,No Data
0777354,Contra Costa,SBE - John Henry High,No Data
0810082,Del Norte,Del Norte County Office of Education,0691063
0861820,Del Norte,Del Norte County Unified,0610770
0874351,Del Norte,Del Norte County ROP,0600093
0910090,El Dorado,El Dorado County Office of Education,0691006
0961838,El Dorado,Buckeye Union Elementary,0606270
0961846,El Dorado,Camino Union Elementary,0607170
0961853,El Dorado,El Dorado Union High,0612070
0961861,El Dorado,Georgetown Divide Union Elemen,No Data
0961879,El Dorado,Gold Oak Union Elementary,0615390
0961887,El Dorado,Gold Trail Union Elementary,0615450
0961895,El Dorado,Indian Diggings Elementary,0618240
0961903,El Dorado,Lake Tahoe Unified,0620640
0961911,El Dorado,Latrobe,0621180
0961929,El Dorado,Mother Lode Union Elementary,0625980
0961937,El Dorado,Northside Union Elementary,No Data
0961945,El Dorado,Pioneer Union,0630480
0961952,El Dorado,Placerville Union Elementary,0630780
0961960,El Dorado,Pollock Pines Elementary,0631290
0961978,El Dorado,Rescue Union Elementary,0632310
0961986,El Dorado,Silver Fork Elementary,0636810
0973775,El Dorado,Lake Tahoe Community College,No Data
0973783,El Dorado,Black Oak Mine Unified,0605240
0974377,El Dorado,Central Sierra ROP,0600096
0976489,El Dorado,SBC - Aspire Public Schools,0601324
0976596,El Dorado,SBC - Pacific Technology,0601335
1010108,Fresno,Fresno County Office of Education,0691007
1061994,Fresno,Alvina Elementary,0602370
1062000,Fresno,American Union Elementary,0602550
1062018,Fresno,Auberry Union Elementary,No Data
1062026,Fresno,Big Creek Elementary,0604860
1062034,Fresno,Biola-Pershing Union Elementar,No Data
1062042,Fresno,Burrel Union Elementary,0606540
1062059,Fresno,Cantua Elementary,No Data
1062067,Fresno,Caruthers Union Elementary,0607620
1062075,Fresno,Caruthers Union High,0607650
1062083,Fresno,Central Union High,No Data
1062091,Fresno,Chawanakee Elementary,No Data
1062109,Fresno,Clay Joint Elementary,0608850
1062117,Fresno,Clovis Unified,0609030
1062125,Fresno,Coalinga-Huron Unified,0609120
1062141,Fresno,Firebaugh Joint Elementary,No Data
1062158,Fresno,Fowler Unified,0614250
1062166,Fresno,Fresno Unified,0614550
1062174,Fresno,West Fresno Elementary,0614580
1062182,Fresno,Friant Union Elementary,No Data
1062190,Fresno,Helm Elementary,No Data
1062208,Fresno,Herndon Elementary,No Data
1062216,Fresno,Houghton-Kearney Union Element,No Data
1062224,Fresno,Kerman-Floyd Union Elementary,No Data
1062232,Fresno,Kerman Union High,No Data
1062240,Fresno,Kingsburg Elementary Charter,0619800
1062257,Fresno,Kingsburg Joint Union High,0619830
1062265,Fresno,Kings Canyon Joint Unified,0619700
1062273,Fresno,Las Deltas Elementary,No Data
1062281,Fresno,Laton Joint Unified,0621150
1062299,Fresno,Madison Elementary,No Data
1062307,Fresno,McKinley-Roosevelt Union Eleme,No Data
1062315,Fresno,Mendota Union Elementary,No Data
1062323,Fresno,Monroe Elementary,0625290
1062331,Fresno,Orange Center,0628530
1062349,Fresno,Oro Loma Elementary,No Data
1062356,Fresno,Pacific Union Elementary,0629400
1062364,Fresno,Parlier Unified,0629910
1062372,Fresno,Pine Ridge Elementary,0630390
1062380,Fresno,Raisin City Elementary,0631680
1062398,Fresno,Riverdale Joint Union Elementary,No Data
1062406,Fresno,Riverdale Joint Union High,No Data
1062414,Fresno,Sanger Unified,0635250
1062422,Fresno,San Joaquin Elementary,No Data
1062430,Fresno,Selma Unified,0636270
1062448,Fresno,Sierra Union Elementary,No Data
1062455,Fresno,Sierra Joint Union High,No Data
1062471,Fresno,Sun Empire Union Elementary,No Data
1062489,Fresno,Teague Elementary,No Data
1062497,Fresno,Tranquillity Elementary,No Data
1062505,Fresno,Tranquillity Union High,No Data
1062513,Fresno,Washington Colony Elementary,0641460
1062521,Fresno,Washington Union High,0641640
1062539,Fresno,West Park Elementary,0642060
1062547,Fresno,Westside Elementary,0642210
1073809,Fresno,Firebaugh-Las Deltas Unified,0613840
1073965,Fresno,Central Unified,0607970
1073999,Fresno,Kerman Unified,0619490
1074153,Fresno,Valley ROP,0600097
1074260,Fresno,Fresno ROP,0600098
1075127,Fresno,Mendota Unified,0600022
1075226,Fresno,Golden Hills Elementary,No Data
1075234,Fresno,Golden Plains Unified,0691134
1075275,Fresno,Sierra Unified,0636805
1075408,Fresno,Riverdale Joint Unified,0600040
1075598,Fresno,Caruthers Unified,0600067
1076778,Fresno,Washington Unified,0601415
1110116,Glenn,Glenn County Office of Education,0691008
1162554,Glenn,Capay Joint Union Elementary,0607410
1162570,Glenn,Hamilton Union Elementary,0616410
1162588,Glenn,Hamilton Union High,0616440
1162596,Glenn,Lake Elementary,0620610
1162612,Glenn,Orland Joint Union Elementary,No Data
1162620,Glenn,Orland Joint Union High,No Data
1162638,Glenn,Plaza Elementary,0630870
1162646,Glenn,Princeton Joint Unified,0631620
1162653,Glenn,Stony Creek Joint Unified,0638070
1162661,Glenn,Willows Unified,0642710
1174385,Glenn,Glenn County ROP,0600099
1175481,Glenn,Orland Joint Unified,0600045
1176562,Glenn,Hamilton Unified,0601339
1210124,Humboldt,Humboldt County Office of Education,0691009
1262679,Humboldt,Arcata Elementary,0603000
1262687,Humboldt,Northern Humboldt Union High,0603030
1262695,Humboldt,Big Lagoon Union Elementary,0604890
1262703,Humboldt,Blue Lake Union Elementary,0605400
1262711,Humboldt,Bluff Prairie Elementary,No Data
1262729,Humboldt,Bridgeville Elementary,0606000
1262737,Humboldt,Cuddeback Union Elementary,0610230
1262745,Humboldt,Cutten Elementary,0610380
1262752,Humboldt,Eureka City Elementary,No Data
1262760,Humboldt,Eureka City High,No Data
1262778,Humboldt,Ferndale Elementary,No Data
1262786,Humboldt,Ferndale Union High,No Data
1262794,Humboldt,Fieldbrook Elementary,0613740
1262802,Humboldt,Fortuna Union Elementary,0614160
1262810,Humboldt,Fortuna Union High,0614190
1262828,Humboldt,Freshwater Elementary,0614520
1262836,Humboldt,Garfield Elementary,0614910
1262851,Humboldt,Green Point Elementary,0615990
1262869,Humboldt,Grizzly Bluff Elementary,No Data
1262885,Humboldt,Hydesville Elementary,0618120
1262893,Humboldt,Jacoby Creek Elementary,0618660
1262901,Humboldt,Klamath-Trinity Joint Unified,0619950
1262919,Humboldt,Kneeland Elementary,0619980
1262927,Humboldt,Loleta Union Elementary,0622320
1262935,Humboldt,Maple Creek Elementary,0623730
1262943,Humboldt,Mattole Union Elementary,No Data
1262950,Humboldt,McKinleyville Union Elementary,0624300
1262968,Humboldt,Orick Elementary,0628830
1262976,Humboldt,Pacific Union Elementary,0629430
1262984,Humboldt,Peninsula Union,0630090
1263008,Humboldt,Rio Dell Elementary,0632730
1263016,Humboldt,Rohnerville Elementary,0633330
1263024,Humboldt,Scotia Union Elementary,0636100
1263032,Humboldt,South Bay Union Elementary,0637350
1263040,Humboldt,Southern Humboldt Joint Unified,0637590
1263057,Humboldt,Trinidad Union Elementary,0639720
1274393,Humboldt,Humboldt County ROP,0600100
1275374,Humboldt,Ferndale Unified,0600037
1275382,Humboldt,Mattole Unified,0600038
1275515,Humboldt,Eureka City Schools,0600052
1276802,Humboldt,Fortuna Elementary,0601420
1310132,Imperial,Imperial County Office of Education,0691010
1363073,Imperial,Brawley Elementary,0605790
1363081,Imperial,Brawley Union High,0605820
1363099,Imperial,Calexico Unified,0606900
1363107,Imperial,Calipatria Unified,0606990
1363115,Imperial,Central Union High,0608010
1363123,Imperial,El Centro Elementary,0612030
1363131,Imperial,Heber Elementary,0616830
1363149,Imperial,Holtville Unified,0617430
1363164,Imperial,Imperial Unified,0618210
1363172,Imperial,Magnolia Union Elementary,0623460
1363180,Imperial,McCabe Union Elementary,0624180
1363198,Imperial,Meadows Union,0624390
1363206,Imperial,Mulberry Elementary,0626430
1363214,Imperial,San Pasqual Valley Unified,0635070
1363222,Imperial,Seeley Union Elementary,0636210
1363230,Imperial,Westmorland Union Elementary,0642180
1374401,Imperial,Imperial Valley ROP,0600101
1410140,Inyo,Inyo County Office of Education,0691011
1463248,Inyo,Big Pine Unified,0604950
1463255,Inyo,Bishop Union Elementary,0605130
1463263,Inyo,Bishop Joint Union High,0605160
1463271,Inyo,Death Valley Unified,0610680
1463289,Inyo,Lone Pine Unified,0622440
1463297,Inyo,Owens Valley Unified,0629190
1463305,Inyo,Round Valley Joint Elementary,0633690
1474070,Inyo,Inyo County ROP,0600102
1476687,Inyo,Bishop Unified,0601409
1510157,Kern,Kern County Office of Education,0691012
1563313,Kern,Arvin Union,0603270
1563321,Kern,Bakersfield City,0603630
1563339,Kern,Beardsley Elementary,0604260
1563347,Kern,Belridge Elementary,0604560
1563354,Kern,Blake Elementary,0605250
1563362,Kern,Panama-Buena Vista Union,0606390
1563370,Kern,Buttonwillow Union Elementary,0606720
1563388,Kern,Caliente Union Elementary,0606960
1563396,Kern,China Lake Joint Elementary,No Data
1563404,Kern,Delano Union Elementary,0610890
1563412,Kern,Delano Joint Union High,0610860
1563420,Kern,Di Giorgio Elementary,0611130
1563438,Kern,Edison Elementary,0611940
1563446,Kern,Elk Hills Elementary,0612360
1563453,Kern,El Tejon Union,No Data
1563461,Kern,Fairfax Elementary,0613290
1563479,Kern,Fruitvale Elementary,0614700
1563487,Kern,General Shafter Elementary,0615000
1563495,Kern,Greeley Elementary,No Data
1563503,Kern,Greenfield Union,0616050
1563529,Kern,Kern High,0619540
1563537,Kern,Kern Community College,No Data
1563545,Kern,Kernville Union Elementary,0619590
1563552,Kern,Lakeside Union,0620730
1563560,Kern,Lamont Elementary,0620850
1563578,Kern,Richland Union Elementary,0621450
1563586,Kern,Linns Valley-Poso Flat Union,0621900
1563594,Kern,Lost Hills Union Elementary,0622950
1563610,Kern,Maple Elementary,0623760
1563628,Kern,Maricopa Unified,0623820
1563636,Kern,McFarland Unified,No Data
1563651,Kern,McKittrick Elementary,0624330
1563669,Kern,Midway Elementary,0624780
1563677,Kern,Mojave Unified,0625230
1563685,Kern,Muroc Joint Unified,0626490
1563693,Kern,Norris Elementary,0627450
1563701,Kern,Panama Union Elementary,No Data
1563719,Kern,Pond Union Elementary,0631350
1563727,Kern,Rand Joint Elementary,No Data
1563735,Kern,Richland Elementary,No Data
1563743,Kern,Rio Bravo Union Elementary,No Data
1563750,Kern,Rosedale Union Elementary,0633480
1563768,Kern,Semitropic Elementary,0636330
1563776,Kern,Southern Kern Unified,0637620
1563784,Kern,South Fork Union,0637470
1563792,Kern,Standard Elementary,0637890
1563800,Kern,Taft City,0638700
1563818,Kern,Taft Union High,0638730
1563826,Kern,Tehachapi Unified,0638880
1563834,Kern,Vineland Elementary,0641130
1563842,Kern,Wasco Union Elementary,0641400
1563859,Kern,Wasco Union High,0641430
1563867,Kern,West Kern Community College,No Data
1573544,Kern,Rio Bravo-Greeley Union Elementary,0632710
1573742,Kern,Sierra Sands Unified,0636800
1573908,Kern,McFarland Unified,0624230
1574161,Kern,West Side ROP,0600073
1574757,Kern,North Kern Vocational Training Center,0600074
1574765,Kern,Kern County ROP,0600075
1574807,Kern,Kern High ROC,0600076
1575168,Kern,El Tejon Unified,0600026
1575630,Kern,SBE - Ridgecrest Charter,No Data
1610165,Kings,Kings County Office of Education,0691013
1663875,Kings,Armona Union Elementary,0603180
1663883,Kings,Central Union Elementary,0607980
1663891,Kings,Corcoran Joint Unified,0609690
1663909,Kings,Delta View Joint Union Elementary,0611010
1663917,Kings,Hanford Elementary,0616470
1663925,Kings,Hanford Joint Union High,0616500
1663933,Kings,Island Union Elementary,0618510
1663941,Kings,Kings River-Hardwick Union Elementary,0619770
1663958,Kings,Kit Carson Union Elementary,0619890
1663966,Kings,Lakeside Union Elementary,0620760
1663974,Kings,Lemoore Union Elementary,0621360
1663982,Kings,Lemoore Union High,0621400
1663990,Kings,Pioneer Union Elementary,0630510
1673932,Kings,Reef-Sunset Unified,0632270
1674708,Kings,Kings County ROP,0600077
1710173,Lake,Lake County Office of Education,0691014
1732144,Lake,Konocti Conservation Camp,No Data
1764014,Lake,Kelseyville Unified,0619320
1764022,Lake,Konocti Unified,0620070
1764030,Lake,Lakeport Unified,0620670
1764048,Lake,Lucerne Elementary,0623040
1764055,Lake,Middletown Unified,0624750
1764063,Lake,Upper Lake Union Elementary,0640470
1764071,Lake,Upper Lake Union High,0640500
1774419,Lake,Lake County ROP,0600078
1776976,Lake,Upper Lake Unified,0601442
1810181,Lassen,Lassen County Office of Education,0691015
1864089,Lassen,Big Valley Joint Unified,0605010
1864097,Lassen,Herlong Elementary,No Data
1864105,Lassen,Janesville Union Elementary,0618780
1864113,Lassen,Johnstonville Elementary,0619050
1864121,Lassen,Lake Elementary,No Data
1864139,Lassen,Lassen Union High,0621060
1864154,Lassen,Long Valley Elementary,No Data
1864162,Lassen,Ravendale-Termo Elementary,0631830
1864170,Lassen,Richmond Elementary,0632520
1864188,Lassen,Shaffer Union Elementary,0636420
1864196,Lassen,Susanville Elementary,0638550
1864204,Lassen,Westwood Unified,0642300
1874740,Lassen,Lassen ROP,0600079
1875036,Lassen,Fort Sage Unified,0600011
1876729,Lassen,SBE - Long Valley Charter,0601408
1910199,Los Angeles,Los Angeles County Office of Education,0691078
1911197,Los Angeles,Los Angeles County Special Ed,No Data
1919190,Los Angeles,Los Angeles County Superintendent,No Data
1932029,Los Angeles,Fred C. Nelles School for Boys,No Data
1932185,Los Angeles,Southern Reception Center Clin,No Data
1932276,Los Angeles,CEA Los Angeles Co,0600053
1964212,Los Angeles,ABC Unified,0601620
1964220,Los Angeles,Alhambra City Elementary,0601910
1964238,Los Angeles,Alhambra City High,0601930
1964246,Los Angeles,Antelope Valley Union High,0602820
1964261,Los Angeles,Arcadia Unified,0602970
1964279,Los Angeles,Azusa Unified,0603600
1964287,Los Angeles,Baldwin Park Unified,0603690
1964295,Los Angeles,Bassett Unified,0604110
1964303,Los Angeles,Bellflower Unified,0604440
1964311,Los Angeles,Beverly Hills Unified,0604830
1964329,Los Angeles,Bonita Unified,0605610
1964337,Los Angeles,Burbank Unified,0606450
1964345,Los Angeles,Castaic Union,0607740
1964352,Los Angeles,Centinela Valley Union High,0607920
1964378,Los Angeles,Charter Oak Unified,0608190
1964394,Los Angeles,Claremont Unified,0608760
1964402,Los Angeles,Compton City Elementary,No Data
1964410,Los Angeles,Compton Union High,No Data
1964436,Los Angeles,Covina-Valley Unified,0610050
1964444,Los Angeles,Culver City Unified,0610260
1964451,Los Angeles,Downey Unified,0611460
1964469,Los Angeles,Duarte Unified,0611520
1964477,Los Angeles,Eastside Union Elementary,0611910
1964485,Los Angeles,East Whittier City Elementary,0611850
1964501,Los Angeles,El Monte City,0612090
1964519,Los Angeles,El Monte Union High,0612120
1964527,Los Angeles,El Rancho Unified,0612180
1964535,Los Angeles,El Segundo Unified,0612210
1964543,Los Angeles,Enterprise City Elementary,No Data
1964550,Los Angeles,Garvey Elementary,0614940
1964568,Los Angeles,Glendale Unified,0615240
1964576,Los Angeles,Glendora Unified,0615270
1964584,Los Angeles,Gorman Joint,0615600
1964592,Los Angeles,Hawthorne,0616680
1964600,Los Angeles,Hermosa Beach City Elementary,0617040
1964618,Los Angeles,Hudson Elementary,No Data
1964626,Los Angeles,Hughes-Elizabeth Lakes Union Elementary,0617880
1964634,Los Angeles,Inglewood Unified,0618390
1964642,Los Angeles,Keppel Union Elementary,0619440
1964659,Los Angeles,La Canada Unified,0620130
1964667,Los Angeles,Lancaster Elementary,0620880
1964675,Los Angeles,Lapuente Union High,No Data
1964683,Los Angeles,Las Virgenes Unified,0621000
1964691,Los Angeles,Lawndale Elementary,0621210
1964709,Los Angeles,Lennox,0621420
1964717,Los Angeles,Little Lake City Elementary,0621930
1964725,Los Angeles,Long Beach Unified,0622500
1964733,Los Angeles,Los Angeles Unified,0622710
1964758,Los Angeles,Los Nietos,0622890
1964774,Los Angeles,Lynwood Unified,0623160
1964782,Los Angeles,Manhattan Beach City Elementar,No Data
1964790,Los Angeles,Monrovia Unified,0625320
1964808,Los Angeles,Montebello Unified,0625470
1964816,Los Angeles,Mountain View Elementary,0626190
1964832,Los Angeles,Newhall,0627180
1964840,Los Angeles,Norwalk-La Mirada Unified,0627690
1964857,Los Angeles,Palmdale Elementary,0629580
1964865,Los Angeles,Palos Verdes Peninsula Unified,0629700
1964873,Los Angeles,Paramount Unified,0629850
1964881,Los Angeles,Pasadena Unified,0629940
1964899,Los Angeles,Pasadena Area Community College,No Data
1964907,Los Angeles,Pomona Unified,0631320
1964915,Los Angeles,Redondo Beach City Elementary,No Data
1964931,Los Angeles,Rosemead Elementary,0633570
1964949,Los Angeles,Rowland Elementary,No Data
1964956,Los Angeles,San Gabriel Elementary,No Data
1964964,Los Angeles,San Marino Unified,0634860
1964980,Los Angeles,Santa Monica-Malibu Unified,0635700
1964998,Los Angeles,Saugus Union,0635970
1965003,Los Angeles,Soledad-Agua Dulce Union Eleme,No Data
1965011,Los Angeles,South Bay Union High,No Data
1965029,Los Angeles,South Pasadena Unified,0637500
1965037,Los Angeles,South Whittier Elementary,0637560
1965045,Los Angeles,Sulphur Springs Union,0638220
1965052,Los Angeles,Temple City Unified,0638980
1965060,Los Angeles,Torrance Unified,0639420
1965078,Los Angeles,Valle Lindo Elementary,0640650
1965086,Los Angeles,Walnut Elem,No Data
1965094,Los Angeles,West Covina Unified,0642000
1965102,Los Angeles,Westside Union Elementary,0642120
1965110,Los Angeles,Whittier City,0642450
1965128,Los Angeles,Whittier Union High,0642480
1965136,Los Angeles,William S. Hart Union High,0642510
1965144,Los Angeles,Willowbrook Elem,No Data
1965151,Los Angeles,Wilsona Elementary,0642810
1965169,Los Angeles,Wiseburn Elementary,0642990
1973437,Los Angeles,Compton Unified,0609620
1973445,Los Angeles,Hacienda la Puente Unified,0616325
1973452,Los Angeles,Rowland Unified,0633750
1973460,Los Angeles,Walnut Valley Unified,0641280
1973486,Los Angeles,Glendale Community College,No Data
1973502,Los Angeles,Santa Monica Community College,No Data
1974088,Los Angeles,La Puente Valley ROP,0600103
1974096,Los Angeles,Southeast ROP,0600104
1974195,Los Angeles,San Gabriel Valley Regional Occupational Program,0600105
1974328,Los Angeles,Tri-Cities ROP,0600106
1974336,Los Angeles,Southern California ROC,0600107
1974427,Los Angeles,Long Beach Unified ROP,0600108
1974435,Los Angeles,Los Angeles Unified ROCP,0600109
1974443,Los Angeles,Los Angeles County ROP,0600110
1974773,Los Angeles,Hart ROP,0600111
1974799,Los Angeles,Antelope Valley ROP,0600112
1974831,Los Angeles,Compton Unified ROP,0600113
1974849,Los Angeles,San Antonio ROP,0600114
1975291,Los Angeles,San Gabriel Unified,0634425
1975309,Los Angeles,Acton-Agua Dulce Unified,0600001
1975333,Los Angeles,Manhattan Beach Unified,0600025
1975341,Los Angeles,Redondo Beach Unified,0600032
1975663,Los Angeles,SBE - New West Charter,No Data
1975671,Los Angeles,SBE -  Animo Inglewood Charter,0600115
1975697,Los Angeles,SBE - The School of Arts and Enterprise,No Data
1975713,Los Angeles,Alhambra Unified,0600153
1976331,Los Angeles,SBE - Academy of Culture and Technology (ACT),0600154
1976497,Los Angeles,SBE - Lifeline Education Charter,0601323
1976521,Los Angeles,SBE - Doris Topsy-Elvord Academy,0601333
1976547,Los Angeles,SBE - Barack Obama Charter,No Data
1976679,Los Angeles,SBE - Ingenium Charter,0601345
1976737,Los Angeles,SBE - Today's Fresh Start Charter,0601407
1976869,Los Angeles,Wiseburn Unified,0601428
1976885,Los Angeles,SBE - Anahuacalmecac International University Preparatory of North America,No Data
1976968,Los Angeles,SBE - Academia Avance Charter,No Data
1976992,Los Angeles,SBE - Prepa Tec Los Angeles High,No Data
1977016,Los Angeles,California Advancing Pathways for Students in Los Angeles County ROC/P,0601440
1977073,Los Angeles,SBE - Celerity Rolas,0601448
1977081,Los Angeles,SBE - Celerity Himalia,No Data
1977289,Los Angeles,SBE - Los Angeles College Prep Academy,No Data
1977362,Los Angeles,SBE - Eagle Collegiate Academy,No Data
1977370,Los Angeles,SBE - T.I.M.E. Community,No Data
2010207,Madera,Madera County Superintendent of Schools,0691017
2062455,Madera,Sierra Jt. Union High,No Data
2065177,Madera,Alview-Dairyland Union Elementary,0602360
2065185,Madera,Bass Lake Joint Union Elementary,0604080
2065193,Madera,Chowchilla Elementary,0608520
2065201,Madera,Chowchilla Union High,0608550
2065219,Madera,Coarsegold Union Elementary,0609150
2065227,Madera,Dairyland Union Elementary,No Data
2065243,Madera,Madera Unified,0623340
2065250,Madera,North Fork Union Elementary,No Data
2065268,Madera,Oakhurst Union Elementary,No Data
2065276,Madera,Raymond-Knowles Union Elementary,0631920
2065284,Madera,Spring Valley Elementary,No Data
2065292,Madera,Wasuma Union Elementary,No Data
2073734,Madera,Yosemite Joint Union High,0643370
2075135,Madera,Chawanakee Jt. Elementary,0600023
2075424,Madera,Minarets Jt. Union High,0600041
2075580,Madera,Golden Valley Unified,0600068
2075606,Madera,Chawanakee Unified,0600116
2076414,Madera,Yosemite Unified,0600160
2110215,Marin,Marin County Office of Education,0691018
2165300,Marin,Bolinas-Stinson Union,0605520
2165318,Marin,Miller Creek Elementary,0611220
2165326,Marin,Fairfax Elementary,No Data
2165334,Marin,Kentfield Elementary,0619380
2165342,Marin,Laguna Joint Elementary,0620430
2165359,Marin,Lagunitas Elementary,0620520
2165367,Marin,Larkspur-Corte Madera,0620910
2165375,Marin,Lincoln Elementary,0621660
2165383,Marin,Marin Community College,No Data
2165391,Marin,Mill Valley Elementary,0624870
2165409,Marin,Nicasio,0627300
2165417,Marin,Novato Unified,0627720
2165425,Marin,Reed Union Elementary,0632160
2165433,Marin,Ross Elementary,0633660
2165441,Marin,San Anselmo Elementary,No Data
2165458,Marin,San Rafael City Elementary,0635090
2165466,Marin,San Rafael City High,0635110
2165474,Marin,Sausalito Marin City,0636000
2165482,Marin,Tamalpais Union High,0638790
2165516,Marin,Union Joint Elementary,0640410
2173361,Marin,Shoreline Unified,0636670
2174658,Marin,Marin County ROP,0600117
2175002,Marin,Ross Valley Elementary,0600006
2177065,Marin,SBE - Ross Valley Elementary,No Data
2210223,Mariposa,Mariposa County Office of Education,0691090
2232201,Mariposa,Mt. Bullion Youth Conservation,No Data
2232276,Mariposa,CEA Mariposa Co,0600054
2265532,Mariposa,Mariposa County Unified,0623940
2310231,Mendocino,Mendocino County Office of Education,0691019
2365540,Mendocino,Anderson Valley Unified,0602730
2365557,Mendocino,Arena Union Elementary,0603090
2365565,Mendocino,Fort Bragg Unified,0614070
2365573,Mendocino,Manchester Union Elementary,0623550
2365581,Mendocino,Mendocino Unified,0624480
2365599,Mendocino,Point Arena Joint Union High,0631230
2365607,Mendocino,Round Valley Unified,0633720
2365615,Mendocino,Ukiah Unified,0640300
2365623,Mendocino,Willits Unified,0642560
2373866,Mendocino,Potter Valley Community Unified,0631400
2373916,Mendocino,Laytonville Unified,0642580
2374468,Mendocino,Mendocino County ROC/ROP,0600118
2375218,Mendocino,Leggett Valley Unified,0609665
2410249,Merced,Merced County Office of Education,0691020
2465631,Merced,Atwater Elementary,0603420
2465649,Merced,Ballico-Cressey Elementary,0603750
2465656,Merced,Delhi Elementary,No Data
2465664,Merced,Dos Palos Joint Union Elementa,No Data
2465672,Merced,Dos Palos Joint Union High,No Data
2465680,Merced,El Nido Elementary,0612150
2465698,Merced,Hilmar Unified,0617220
2465706,Merced,Hopeton Elementary,No Data
2465722,Merced,Le Grand Union Elementary,0621240
2465730,Merced,Le Grand Union High,0621270
2465748,Merced,Livingston Union,0622170
2465755,Merced,Los Banos Unified,0622740
2465763,Merced,McSwain Union Elementary,0624360
2465771,Merced,Merced City Elementary,0624600
2465789,Merced,Merced Union High,0624660
2465805,Merced,Newman-Gustine Jt. Unified,No Data
2465813,Merced,Plainsburg Union Elementary,0630810
2465821,Merced,Planada Elementary,0630840
2465839,Merced,Snelling-Merced Falls Union Elementary,0636960
2465854,Merced,Washington Elementary,No Data
2465862,Merced,Weaver Union,0641880
2465870,Merced,Winton,0642960
2473619,Merced,Gustine Unified,0616323
2473726,Merced,Merced River Union Elementary,0624630
2474476,Merced,Merced County ROP,0600119
2475317,Merced,Dos Palos Oro Loma Joint Unified,0600033
2475366,Merced,Delhi Unified,0600039
2510256,Modoc,Modoc County Office of Education,0691093
2565888,Modoc,Modoc-Tulelake Jt. Unified,No Data
2565896,Modoc,Surprise Valley Joint Unified,0638520
2573585,Modoc,Modoc Joint Unified,0625190
2573593,Modoc,Tulelake Basin Joint Unified,0639940
2574450,Modoc,Modoc County ROP,0600081
2610264,Mono,Mono County Office of Education,0691052
2665904,Mono,Antelope Union Elementary,No Data
2665912,Mono,Benton Elementary,No Data
2665920,Mono,Bridgeport Elementary,No Data
2665938,Mono,Lee Vining Union Elementary,No Data
2665946,Mono,Mammoth Elementary,No Data
2665953,Mono,Mono County High,No Data
2673668,Mono,Eastern Sierra Unified,0611870
2673692,Mono,Mammoth Unified,0623530
2674898,Mono,Mono County ROC/P,0600155
2710272,Monterey,Monterey County Office of Education,0691021
2765961,Monterey,Alisal Union,0601950
2765979,Monterey,Bradley Union Elementary,0605730
2765987,Monterey,Carmel Unified,0607530
2765995,Monterey,Chualar Union,0608580
2766001,Monterey,Gonzales Union Elementary,No Data
2766019,Monterey,Gonzales Union High,No Data
2766027,Monterey,Graves Elementary,0615870
2766035,Monterey,Greenfield Union Elementary,0616080
2766050,Monterey,King City Union,0619680
2766068,Monterey,South Monterey County Joint Union High,0619650
2766076,Monterey,Lagunita Elementary,0620490
2766084,Monterey,Mission Union Elementary,0625110
2766092,Monterey,Monterey Peninsula Unified,0625530
2766126,Monterey,Pacific Elementary,No Data
2766134,Monterey,Pacific Grove Unified,0629370
2766142,Monterey,Salinas City Elementary,0633930
2766159,Monterey,Salinas Union High,0633980
2766167,Monterey,San Antonio Union Elementary,0634050
2766175,Monterey,San Ardo Union Elementary,0634080
2766183,Monterey,San Lucas Union Elementary,0634770
2766191,Monterey,Santa Rita Union Elementary,0635790
2766209,Monterey,Soledad Union Elementary,No Data
2766225,Monterey,Spreckels Union Elementary,0637710
2766233,Monterey,Washington Union Elementary,0641610
2773825,Monterey,North Monterey County Unified,0627590
2774054,Monterey,Mission Trails ROP,0600120
2775150,Monterey,Big Sur Unified,0600031
2775440,Monterey,Soledad Unified,0637050
2775473,Monterey,Gonzales Unified,0600046
2810280,Napa,Napa County Office of Education,0691022
2866241,Napa,Calistoga Joint Unified,0607020
2866258,Napa,Howell Mountain Elementary,0617760
2866266,Napa,Napa Valley Unified,0626640
2866274,Napa,Napa Valley Community College,No Data
2866282,Napa,Pope Valley Union Elementary,0631380
2866290,Napa,Saint Helena Unified,0637830
2874484,Napa,Napa County ROP,0600080
2910298,Nevada,Nevada County Office of Education,0691023
2932235,Nevada,Washington Ridge Youth Conserv,No Data
2932276,Nevada,CEA Nevada Co,No Data
2966308,Nevada,Cherokee Elementary,No Data
2966316,Nevada,Chicago Park Elementary,0608340
2966324,Nevada,Clear Creek Elementary,0608880
2966332,Nevada,Grass Valley Elementary,0615780
2966340,Nevada,Nevada City Elementary,0626820
2966357,Nevada,Nevada Joint Union High,0626880
2966365,Nevada,North San Juan Elementary,No Data
2966373,Nevada,Pleasant Ridge Union Elementary,0630930
2966381,Nevada,Pleasant Valley Elementary,0630960
2966399,Nevada,Ready Springs Union Elementary,0631950
2966407,Nevada,Union Hill Elementary,0640380
2966415,Nevada,Twin Ridges Elementary,0600012
2973627,Nevada,San Juan Ridge Union Elementar,No Data
2976877,Nevada,Penn Valley Union Elementary,0601427
3010306,Orange,Orange County Department of Education,0691024
3064766,Orange,Lowell Joint,0623010
3066423,Orange,Anaheim Elementary,0602610
3066431,Orange,Anaheim Union High,0602630
3066449,Orange,Brea-Olinda Unified,0605880
3066456,Orange,Buena Park Elementary,0606360
3066464,Orange,Capistrano Unified,0607440
3066472,Orange,Centralia Elementary,0608070
3066480,Orange,Cypress Elementary,0610440
3066498,Orange,Fountain Valley Elementary,0614220
3066506,Orange,Fullerton Elementary,0614730
3066514,Orange,Fullerton Joint Union High,0614760
3066522,Orange,Garden Grove Unified,0614880
3066530,Orange,Huntington Beach City Elementary,0618030
3066548,Orange,Huntington Beach Union High,0618060
3066555,Orange,Laguna Beach Unified,0620370
3066563,Orange,La Habra City Elementary,0620190
3066589,Orange,Magnolia Elementary,0623430
3066597,Orange,Newport-Mesa Unified,0627240
3066605,Orange,North Orange County Community College,No Data
3066613,Orange,Ocean View,0628140
3066621,Orange,Orange Unified,0628650
3066647,Orange,Placentia-Yorba Linda Unified,0630660
3066662,Orange,San Joaquin Elementary,No Data
3066670,Orange,Santa Ana Unified,0635310
3066696,Orange,Savanna Elementary,0636030
3066704,Orange,Seal Beach Elementary,No Data
3066712,Orange,Trabuco Elementary,No Data
3066738,Orange,Tustin Union High,No Data
3066746,Orange,Westminster,0642150
3066753,Orange,Yorba Linda,No Data
3073635,Orange,Saddleback Valley Unified,0633860
3073643,Orange,Tustin Unified,0640150
3073650,Orange,Irvine Unified,0684500
3073924,Orange,Los Alamitos Unified,0622590
3074104,Orange,North Orange County ROP-Adult,0600121
3074112,Orange,College and Career Advantage,0600122
3074120,Orange,Coastline ROP,0600123
3074252,Orange,Central Orange County CTE Partnership (CTEp),0600124
3076893,Orange,SBE - Magnolia Science Academy Santa Ana,No Data
3110314,Placer,Placer County Office of Education,0691025
3166761,Placer,Ackerman Charter,0601680
3166779,Placer,Alta-Dutch Flat Union Elementary,0602250
3166787,Placer,Auburn Union Elementary,0603480
3166795,Placer,Colfax Elementary,0609300
3166803,Placer,Dry Creek Joint Elementary,0611490
3166811,Placer,Emigrant Gap Elementary,0612660
3166829,Placer,Eureka Union,0613080
3166837,Placer,Foresthill Union Elementary,0613980
3166845,Placer,Loomis Union Elementary,0622560
3166852,Placer,Newcastle Elementary,0627120
3166860,Placer,Ophir Elementary,0628500
3166878,Placer,Penryn Elementary,0630120
3166886,Placer,Placer Hills Union Elementary,0630720
3166894,Placer,Placer Union High,0630750
3166902,Placer,Rocklin Elementary,No Data
3166910,Placer,Roseville City Elementary,0633600
3166928,Placer,Roseville Joint Union High,0633630
3166944,Placer,Tahoe-Truckee Unified,0638770
3166951,Placer,Western Placer Unified,0642140
3174732,Placer,Forty-Niner ROP,0600082
3175085,Placer,Rocklin Unified,0600013
3176570,Placer,SBE - Western Sierra Collegiate Academy,0601337
3210322,Plumas,Plumas County Office of Education,0691102
3266969,Plumas,Plumas Unified,0631170
3274278,Plumas,Plumas County ROP,0600083
3310330,Riverside,Riverside County Office of Education,0691026
3331625,Riverside,California School for the Deaf-Riverside (State Special Schl),0600007
3332151,Riverside,Calif Rehab Center (Corona-Nor,No Data
3366977,Riverside,Alvord Unified,0602430
3366985,Riverside,Banning Unified,0603840
3366993,Riverside,Beaumont Unified,0604290
3367009,Riverside,Coachella Elementary,No Data
3367017,Riverside,Coachella Valley Jt. Union Hig,No Data
3367033,Riverside,Corona-Norco Unified,0609850
3367041,Riverside,Desert Center Unified,0611100
3367058,Riverside,Desert Sands Unified,0611110
3367066,Riverside,Lake Elsinore Union,No Data
3367074,Riverside,Elsinore Union High,No Data
3367082,Riverside,Hemet Unified,0616920
3367090,Riverside,Jurupa Unified,0619260
3367108,Riverside,Mecca Elementary,No Data
3367116,Riverside,Menifee Union,0624540
3367124,Riverside,Moreno Valley Unified,0625800
3367140,Riverside,Murrieta Elementary,No Data
3367157,Riverside,Nuview Union,0627780
3367165,Riverside,Oasis Joint Elementary,No Data
3367173,Riverside,Palm Springs Unified,0629550
3367181,Riverside,Palo Verde Unified,0629640
3367199,Riverside,Perris Elementary,0630180
3367207,Riverside,Perris Union High,0630210
3367215,Riverside,Riverside Unified,0633150
3367231,Riverside,Romoland Elementary,0633390
3367249,Riverside,San Jacinto Unified,0634440
3367256,Riverside,Temecula Union Elementary,No Data
3367264,Riverside,Thermal Union Elementary,No Data
3367272,Riverside,Val Verde Elementary,No Data
3373676,Riverside,Coachella Valley Unified,0609070
3374492,Riverside,Riverside County Office Of Education ROP,0600094
3375176,Riverside,Lake Elsinore Unified,0600027
3375192,Riverside,Temecula Valley Unified,0600028
3375200,Riverside,Murrieta Valley Unified,0600029
3375242,Riverside,Val Verde Unified,0691135
3376943,Riverside,SBE - Baypoint Preparatory Academy,No Data
3410348,Sacramento,Sacramento County Office of Education,0691027
3432177,Sacramento,Northern Reception Center Clin,No Data
3432276,Sacramento,California Education Authority (CEA) Headquarters,0601422
3467280,Sacramento,Arcohe Union Elementary,0603060
3467298,Sacramento,Center Joint Elementary,No Data
3467306,Sacramento,Del Paso Heights Elementary,0610800
3467314,Sacramento,Elk Grove Unified,0612330
3467322,Sacramento,Elverta Joint Elementary,0612600
3467330,Sacramento,Folsom-Cordova Unified,0613890
3467348,Sacramento,Galt Joint Union Elementary,0614790
3467355,Sacramento,Galt Joint Union High,0614820
3467363,Sacramento,Grant Joint Union High,0615750
3467371,Sacramento,Los Rios Community College,No Data
3467389,Sacramento,Natomas Union Elementary,No Data
3467397,Sacramento,North Sacramento Elementary,0627600
3467405,Sacramento,Rio Linda Union Elementary,0632790
3467413,Sacramento,River Delta Joint Unified,0633110
3467421,Sacramento,Robla Elementary,0633240
3467439,Sacramento,Sacramento City Unified,0633840
3467447,Sacramento,San Juan Unified,0634620
3473973,Sacramento,Center Joint Unified,0607900
3474500,Sacramento,Sacramento County ROP,0600095
3474823,Sacramento,Marconi Technical Center (ROP/C),No Data
3475283,Sacramento,Natomas Unified,0600036
3476505,Sacramento,Twin Rivers Unified,0601332
3476935,Sacramento,SBE - Paramount Collegiate Academy,0601432
3510355,San Benito,San Benito County Office of Education,0691028
3567454,San Benito,Bitterwater-Tully Elementary,0605190
3567462,San Benito,Cienega Union Elementary,0608640
3567470,San Benito,Hollister,0617340
3567488,San Benito,Jefferson Elementary,0618810
3567496,San Benito,New Idria Elementary,No Data
3567504,San Benito,North County Joint Union Elementary,0627480
3567512,San Benito,Olympia Elementary,No Data
3567520,San Benito,Panoche Elementary,0629770
3567538,San Benito,San Benito High,0634140
3567546,San Benito,San Juan Union Elementary,No Data
3567553,San Benito,Southside Elementary,0637650
3567561,San Benito,Tres Pinos Union Elementary,0639690
3567579,San Benito,Willow Grove Union Elementary,0642630
3575259,San Benito,Aromas - San Juan Unified,0691136
3610363,San Bernardino,San Bernardino County Office of Education,0691029
3632060,San Bernardino,Youth Training School At Chino,No Data
3632136,San Bernardino,Calif Institution for Women,No Data
3632219,San Bernardino,Oak Glen Youth Conservation Ca,No Data
3632276,San Bernardino,CEA San Bernardino Co,0600056
3667587,San Bernardino,Adelanto Elementary,0601710
3667595,San Bernardino,Alta Loma Elementary,0602160
3667603,San Bernardino,Apple Valley Elementary,No Data
3667611,San Bernardino,Barstow Unified,0604020
3667637,San Bernardino,Bear Valley Unified,0604230
3667645,San Bernardino,Central Elementary,0607950
3667652,San Bernardino,Chaffey Joint Union High,0608160
3667678,San Bernardino,Chino Valley Unified,0608460
3667686,San Bernardino,Colton Joint Unified,0609390
3667694,San Bernardino,Cucamonga Elementary,0616300
3667702,San Bernardino,Etiwanda Elementary,0612960
3667710,San Bernardino,Fontana Unified,0613920
3667728,San Bernardino,Guasti Elementary,No Data
3667736,San Bernardino,Helendale Elementary,0616860
3667744,San Bernardino,Hesperia Elementary,No Data
3667751,San Bernardino,Los Flores Elementary,No Data
3667769,San Bernardino,Lucerne Valley Union Elementary,No Data
3667777,San Bernardino,Morongo Unified,0625860
3667785,San Bernardino,Mountain View Elementary,0626220
3667793,San Bernardino,Mt. Baldy Joint Elementary,0626340
3667801,San Bernardino,Needles Unified,0626760
3667819,San Bernardino,Ontario-Montclair,0628470
3667827,San Bernardino,Oro Grande,0628950
3667835,San Bernardino,Phelan Elementary,No Data
3667843,San Bernardino,Redlands Unified,0632070
3667850,San Bernardino,Rialto Unified,0632370
3667868,San Bernardino,Rim of the World Unified,0632610
3667876,San Bernardino,San Bernardino City Unified,0634170
3667892,San Bernardino,Trona Joint Unified,0639840
3667900,San Bernardino,Upland Elementary,No Data
3667918,San Bernardino,Victor Elementary,0641040
3667926,San Bernardino,Victor Valley Community College,No Data
3667934,San Bernardino,Victor Valley Union High,0636972
3667942,San Bernardino,Wrightwood Joint Elementary,No Data
3667959,San Bernardino,Yucaipa-Calimesa Joint Unified,0643560
3673858,San Bernardino,Baker Valley Unified,0603610
3673890,San Bernardino,Silver Valley Unified,0636820
3673957,San Bernardino,Snowline Joint Unified,0636970
3674138,San Bernardino,Colton-Redlands-Yucaipa ROP,0600130
3674211,San Bernardino,Baldy View ROP,0600131
3674518,San Bernardino,San Bernardino County ROP,0600132
3675044,San Bernardino,Hesperia Unified,0600014
3675051,San Bernardino,Lucerne Valley Unified,0600015
3675069,San Bernardino,Upland Unified,0600016
3675077,San Bernardino,Apple Valley Unified,0600017
3676711,San Bernardino,SBE - Nova Meridian Academy,No Data
3710371,San Diego,San Diego County Office of Education,0691030
3767967,San Diego,Alpine Union Elementary,0602100
3767975,San Diego,Bonsall Union Elementary,0605670
3767983,San Diego,Borrego Springs Unified,0605700
3767991,San Diego,Cajon Valley Union,0606810
3768007,San Diego,Cardiff Elementary,0607470
3768023,San Diego,Chula Vista Elementary,0608610
3768031,San Diego,Coronado Unified,0609870
3768049,San Diego,Dehesa Elementary,0610710
3768056,San Diego,Del Mar Union Elementary,0610740
3768080,San Diego,Encinitas Union Elementary,0612750
3768098,San Diego,Escondido Union,0612880
3768106,San Diego,Escondido Union High,0612910
3768114,San Diego,Fallbrook Union Elementary,0613500
3768122,San Diego,Fallbrook Union High,0613530
3768130,San Diego,Grossmont Union High,0616230
3768155,San Diego,Jamul-Dulzura Union Elementary,0618730
3768163,San Diego,Julian Union Elementary,0619140
3768171,San Diego,Julian Union High,0619110
3768189,San Diego,Lakeside Union Elementary,0620790
3768197,San Diego,La Mesa-Spring Valley,0620250
3768205,San Diego,Lemon Grove,0621330
3768213,San Diego,Mountain Empire Unified,0626100
3768221,San Diego,National Elementary,0626670
3768288,San Diego,Pauma Elementary,0630060
3768296,San Diego,Poway Unified,0631530
3768304,San Diego,Ramona City Unified,0631710
3768312,San Diego,Rancho Santa Fe Elementary,0631740
3768320,San Diego,Rich-Mar Union Elementary,No Data
3768338,San Diego,San Diego Unified,0634320
3768346,San Diego,San Dieguito Union High,0634380
3768353,San Diego,San Pasqual Union Elementary,0635040
3768361,San Diego,Santee,0635880
3768379,San Diego,San Ysidro Elementary,0635220
3768387,San Diego,Solana Beach Elementary,0636990
3768395,San Diego,South Bay Union,0637380
3768403,San Diego,Spencer Valley Elementary,0637680
3768411,San Diego,Sweetwater Union High,0638640
3768437,San Diego,Vallecitos Elementary,0640710
3768445,San Diego,Valley Center Union Elementary,0640770
3768452,San Diego,Vista Unified,0641190
3768460,San Diego,Warner Union Elementary,No Data
3773528,San Diego,San Diego Community College,No Data
3773551,San Diego,Carlsbad Unified,0607500
3773569,San Diego,Oceanside Unified,0628250
3773791,San Diego,San Marcos Unified,0634880
3774526,San Diego,San Diego County ROP,0600138
3775416,San Diego,Warner Unified,0600042
3775614,San Diego,Valley Center-Pauma Unified,0600069
3776471,San Diego,SBC - High Tech High,0601322
3776851,San Diego,Bonsall Unified,0601426
3776901,San Diego,SBE - Thrive Public,No Data
3777032,San Diego,SBE - Audeo Charter II,No Data
3777099,San Diego,SBE - Altus Schools East County,No Data
3777107,San Diego,SBE - Altus Schools South Bay,No Data
3777156,San Diego,SBE - Vista Springs Charter,No Data
3777164,San Diego,SBE - College Preparatory Middle,No Data
3777172,San Diego,SBE - Baypoint Preparatory Academy San Diego,No Data
3810389,San Francisco,San Francisco County Office of Education,0691111
3832250,San Francisco,Community Center School (Youth,No Data
3868478,San Francisco,San Francisco Unified,0634410
3873536,San Francisco,City College of San Francisco,No Data
3874534,San Francisco,San Francisco County ROP,0600139
3875648,San Francisco,SBE - Edison Charter Academy,0600072
3876703,San Francisco,SBE - San Francisco Flex Academy,0601411
3876752,San Francisco,SBE - Mission Preparatory,0601412
3876919,San Francisco,SBE - OnePurpose,No Data
3876927,San Francisco,SBE - The New School of San Francisco,No Data
3877131,San Francisco,SBE - KIPP Bayview Elementary,No Data
3877230,San Francisco,SBE - Mary L. Booker Leadership Academy,No Data
3910397,San Joaquin,San Joaquin County Office of Education,0691031
3932078,San Joaquin,Deuel Vocational Institution,No Data
3932086,San Joaquin,O. H. Close School for Boys,No Data
3932094,San Joaquin,Karl Holton School for Boys,No Data
3932110,San Joaquin,Dewitt-Nelson Training Center,No Data
3932243,San Joaquin,Northern California Youth Cent,No Data
3932268,San Joaquin,N.A. Chaderjian School for Boys,No Data
3932276,San Joaquin,CEA San Joaquin Co,0600057
3968486,San Joaquin,Banta Elementary,0603870
3968502,San Joaquin,Escalon Unified,0612840
3968536,San Joaquin,Holt Union Elementary,0617400
3968544,San Joaquin,Jefferson Elementary,0618840
3968551,San Joaquin,Lammersville Elementary,0620820
3968569,San Joaquin,Lincoln Unified,0621690
3968577,San Joaquin,Linden Unified,0621810
3968585,San Joaquin,Lodi Unified,0622230
3968593,San Joaquin,Manteca Unified,0623610
3968619,San Joaquin,New Hope Elementary,0626970
3968627,San Joaquin,New Jerusalem Elementary,0627030
3968635,San Joaquin,Oak View Union Elementary,0627930
3968643,San Joaquin,Rindge Elementary,No Data
3968650,San Joaquin,Ripon Unified,0632880
3968676,San Joaquin,Stockton Unified,0638010
3968684,San Joaquin,Tracy Elementary,No Data
3968692,San Joaquin,Tracy Joint Union High,No Data
3973478,San Joaquin,Delta Island Union Elementary,0610990
3974542,San Joaquin,San Joaquin County ROP,0600140
3975499,San Joaquin,Tracy Joint Unified,0600047
3976760,San Joaquin,Lammersville Joint Unified,0601410
3977388,San Joaquin,Banta Unified,0602571
4010405,San Luis Obispo,San Luis Obispo County Office of Education,0691032
4032276,San Luis Obispo,CEA San Luis Obispo Co,0600058
4068700,San Luis Obispo,Atascadero Unified,0603300
4068718,San Luis Obispo,Cambria Union Elementary,No Data
4068726,San Luis Obispo,Cayucos Elementary,0607840
4068734,San Luis Obispo,Coast Union High,No Data
4068742,San Luis Obispo,Fairview Elementary,No Data
4068759,San Luis Obispo,Lucia Mar Unified,0623080
4068767,San Luis Obispo,Paso Robles Union Elementary,No Data
4068775,San Luis Obispo,Paso Robles Joint Union High,No Data
4068783,San Luis Obispo,Phillips Elementary,No Data
4068791,San Luis Obispo,Pleasant Valley Joint Union Elementary,0631020
4068809,San Luis Obispo,San Luis Coastal Unified,0634800
4068825,San Luis Obispo,San Miguel Joint Union,0635010
4068833,San Luis Obispo,Shandon Joint Unified,0636450
4068841,San Luis Obispo,Templeton Unified,0639000
4074724,San Luis Obispo,Santa Lucia ROP,0600141
4075457,San Luis Obispo,Paso Robles Joint Unified,0600048
4075465,San Luis Obispo,Coast Unified,0600049
4110413,San Mateo,San Mateo County Office of Education,0691033
4168858,San Mateo,Bayshore Elementary,0604200
4168866,San Mateo,Belmont-Redwood Shores Elementary,0604530
4168874,San Mateo,Brisbane Elementary,0606060
4168882,San Mateo,Burlingame Elementary,0606480
4168890,San Mateo,Cabrillo Unified,0606780
4168908,San Mateo,Hillsborough City Elementary,0617190
4168916,San Mateo,Jefferson Elementary,0618870
4168924,San Mateo,Jefferson Union High,0618930
4168932,San Mateo,Pacifica,0620460
4168940,San Mateo,La Honda-Pescadero Unified,0620220
4168957,San Mateo,Las Lomitas Elementary,0622380
4168965,San Mateo,Menlo Park City Elementary,0624570
4168973,San Mateo,Millbrae Elementary,0624900
4168981,San Mateo,Portola Valley Elementary,0631470
4168999,San Mateo,Ravenswood City Elementary,0631860
4169005,San Mateo,Redwood City Elementary,0632130
4169013,San Mateo,San Bruno Park Elementary,0634230
4169021,San Mateo,San Carlos Elementary,0634290
4169039,San Mateo,San Mateo-Foster City,0634920
4169047,San Mateo,San Mateo Union High,0634980
4169062,San Mateo,Sequoia Union High,0636390
4169070,San Mateo,South San Francisco Unified,0637530
4169088,San Mateo,Woodside Elementary,0643140
4174559,San Mateo,San Mateo County ROP,0600142
4176430,San Mateo,SBE - High Tech High Bayshore,No Data
4176588,San Mateo,SBE - Everest Public High,0601334
4210421,Santa Barbara,Santa Barbara County Office of Education,0691034
4269104,Santa Barbara,Ballard Elementary,0603720
4269112,Santa Barbara,Blochman Union Elementary,0605280
4269120,Santa Barbara,Santa Maria-Bonita,0605580
4269138,Santa Barbara,Buellton Union Elementary,0606330
4269146,Santa Barbara,Carpinteria Unified,0607560
4269153,Santa Barbara,Casmalia Elementary,0607710
4269161,Santa Barbara,Cold Spring Elementary,0609270
4269179,Santa Barbara,College Elementary,0609330
4269187,Santa Barbara,Cuyama Joint Union Elementary,No Data
4269195,Santa Barbara,Goleta Union Elementary,0615510
4269203,Santa Barbara,Guadalupe Union Elementary,0616260
4269211,Santa Barbara,Hope Elementary,0617490
4269229,Santa Barbara,Lompoc Unified,0622410
4269237,Santa Barbara,Los Alamos Elementary,0622620
4269245,Santa Barbara,Los Olivos Elementary,0622920
4269252,Santa Barbara,Montecito Union Elementary,0625500
4269260,Santa Barbara,Orcutt Union Elementary,0628710
4269278,Santa Barbara,Santa Barbara Elementary,0635360
4269286,Santa Barbara,Santa Barbara Secondary,0635370
4269302,Santa Barbara,Santa Maria Elementary,No Data
4269310,Santa Barbara,Santa Maria Joint Union High,0635670
4269328,Santa Barbara,Santa Ynez Valley Union High,0635850
4269336,Santa Barbara,Solvang Elementary,0637110
4269344,Santa Barbara,Vista del Mar Union,0641220
4274567,Santa Barbara,Santa Barbara County ROP,0600133
4275010,Santa Barbara,Cuyama Joint Unified,0600009
4276786,Santa Barbara,Santa Barbara Unified,0601414
4276950,Santa Barbara,SBE - Olive Grove Charter,No Data
4277198,Santa Barbara,SBE - Olive Grove Charter - Orcutt/Santa Maria,No Data
4277206,Santa Barbara,SBE - Olive Grove Charter - Lompoc,No Data
4277214,Santa Barbara,SBE - Olive Grove Charter - Buellton,No Data
4277222,Santa Barbara,SBE - Olive Grove Charter - Santa Barbara,No Data
4310439,Santa Clara,Santa Clara County Office of Education,0691035
4369369,Santa Clara,Alum Rock Union Elementary,0602310
4369377,Santa Clara,Berryessa Union Elementary,0604800
4369385,Santa Clara,Cambrian,0607140
4369393,Santa Clara,Campbell Union,0607200
4369401,Santa Clara,Campbell Union High,0607230
4369419,Santa Clara,Cupertino Union,0610290
4369427,Santa Clara,East Side Union High,0611820
4369435,Santa Clara,Evergreen Elementary,0613140
4369450,Santa Clara,Franklin-McKinley Elementary,0614370
4369468,Santa Clara,Fremont Union High,0614430
4369484,Santa Clara,Gilroy Unified,0615180
4369492,Santa Clara,Lakeside Joint,0620700
4369500,Santa Clara,Loma Prieta Joint Union Elementary,0622350
4369518,Santa Clara,Los Altos Elementary,0622650
4369526,Santa Clara,Los Gatos Union Elementary,0622830
4369534,Santa Clara,Los Gatos-Saratoga Union High,0622800
4369542,Santa Clara,Luther Burbank,0623130
4369567,Santa Clara,Montebello Elementary,0625440
4369575,Santa Clara,Moreland,0625770
4369583,Santa Clara,Morgan Hill Unified,0625830
4369591,Santa Clara,Mountain View Whisman,0626280
4369609,Santa Clara,Mountain View-Los Altos Union High,0626310
4369617,Santa Clara,Mount Pleasant Elementary,0626400
4369625,Santa Clara,Oak Grove Elementary,0627810
4369633,Santa Clara,Orchard Elementary,0628680
4369641,Santa Clara,Palo Alto Unified,0629610
4369658,Santa Clara,San Jose/Evergreen Community College,No Data
4369666,Santa Clara,San Jose Unified,0634590
4369674,Santa Clara,Santa Clara Unified,0635430
4369682,Santa Clara,Saratoga Union Elementary,0635910
4369690,Santa Clara,Sunnyvale,0638460
4369708,Santa Clara,Union Elementary,0640320
4369724,Santa Clara,Whisman Elementary,0642390
4373387,Santa Clara,Milpitas Unified,0624500
4374294,Santa Clara,Metro Education,0600135
4374302,Santa Clara,Santa Clara County ROP,0600137
4376620,Santa Clara,North County Regional Occupational Center/Program (ROC/P),0601343
4376984,Santa Clara,SBE - Wei Yu International Charter,0601437
4377115,Santa Clara,SBE - Perseverance Preparatory,No Data
4377123,Santa Clara,SBE - Promise Academy,No Data
4377149,Santa Clara,SBE - KIPP Navigate College Prep,No Data
4410447,Santa Cruz,Santa Cruz County Office of Education,0691036
4432193,Santa Cruz,Santa Cruz Co Cya Dist,No Data
4432276,Santa Cruz,CEA Santa Cruz Co,0600059
4469732,Santa Cruz,Bonny Doon Union Elementary,0605640
4469757,Santa Cruz,Happy Valley Elementary,0616560
4469765,Santa Cruz,Live Oak Elementary,0621990
4469773,Santa Cruz,Mountain Elementary,0626070
4469781,Santa Cruz,Pacific Elementary,0629340
4469799,Santa Cruz,Pajaro Valley Unified,0629490
4469807,Santa Cruz,San Lorenzo Valley Unified,0634740
4469815,Santa Cruz,Santa Cruz City Elementary,0635590
4469823,Santa Cruz,Santa Cruz City High,0635600
4469831,Santa Cruz,Scotts Valley Union Elementary,No Data
4469849,Santa Cruz,Soquel Union Elementary,0637290
4474575,Santa Cruz,Santa Cruz County ROP,0600143
4475432,Santa Cruz,Scotts Valley Unified,0600043
4477248,Santa Cruz,SBE - Watsonville Prep,No Data
4510454,Shasta,Shasta County Office of Education,0691037
4569856,Shasta,Anderson Union High,0602700
4569864,Shasta,Bass Elementary,No Data
4569872,Shasta,Bella Vista Elementary,0604350
4569880,Shasta,Black Butte Union Elementary,0605220
4569898,Shasta,Buckeye Elementary,No Data
4569906,Shasta,Canyon Union Elementary,No Data
4569914,Shasta,Cascade Union Elementary,0607680
4569922,Shasta,Castle Rock Union Elementary,0607770
4569948,Shasta,Columbia Elementary,0609450
4569955,Shasta,Cottonwood Union Elementary,0609990
4569971,Shasta,Enterprise Elementary,0612810
4569989,Shasta,Fall River Joint Unified,0613470
4569997,Shasta,French Gulch-Whiskeytown Elementary,0614490
4570003,Shasta,Grant Elementary,0615690
4570011,Shasta,Happy Valley Union Elementary,0616570
4570029,Shasta,"Igo, Ono, Platina Union Elementary",0618160
4570037,Shasta,Indian Springs Elementary,0618270
4570045,Shasta,Junction Elementary,0619200
4570052,Shasta,Millville Elementary,0624930
4570078,Shasta,North Cow Creek Elementary,0627510
4570086,Shasta,Oak Run Elementary,0627870
4570094,Shasta,Pacheco Union Elementary,0629280
4570110,Shasta,Redding Elementary,0632040
4570128,Shasta,Shasta Union Elementary,0636570
4570136,Shasta,Shasta Union High,0636600
4570144,Shasta,Shasta-Tehama-Trinity Joint Community College,No Data
4570151,Shasta,Shasta Lake Union Elementary,No Data
4570169,Shasta,Whitmore Union Elementary,0642420
4573700,Shasta,Mountain Union Elementary,0627040
4574583,Shasta,Shasta-Trinity ROP,0600125
4575267,Shasta,Gateway Unified,0614950
4610462,Sierra,Sierra County Office of Education,0691120
4670177,Sierra,Sierra-Plumas Joint Unified,0636780
4674880,Sierra,WIlliam (R) Rouse ROP,0600126
4710470,Siskiyou,Siskiyou County Office of Education,0691038
4770185,Siskiyou,Big Springs Union Elementary,0604980
4770193,Siskiyou,Bogus Elementary,0605490
4770201,Siskiyou,Butteville Union Elementary,0606690
4770219,Siskiyou,Callahan-East Fork Union Eleme,No Data
4770227,Siskiyou,Delphic Elementary,0610980
4770235,Siskiyou,Dorris Elementary,No Data
4770243,Siskiyou,Dunsmuir Elementary,0611670
4770250,Siskiyou,Dunsmuir Joint Union High,0611700
4770268,Siskiyou,Etna Union Elementary,0613000
4770276,Siskiyou,Etna Union High,0613020
4770284,Siskiyou,Fall Creek Elementary,No Data
4770292,Siskiyou,Forks of Salmon Elementary,0614040
4770300,Siskiyou,Fort Jones Union Elementary,0614100
4770318,Siskiyou,Gazelle Union Elementary,0614970
4770326,Siskiyou,Grenada Elementary,0616110
4770334,Siskiyou,Happy Camp Union Elementary,0616530
4770342,Siskiyou,Hilt Elementary,No Data
4770359,Siskiyou,Hornbrook Elementary,0617620
4770367,Siskiyou,Junction Elementary,0619230
4770375,Siskiyou,Klamath River Union Elementary,0619920
4770383,Siskiyou,Little Shasta Elementary,0621960
4770409,Siskiyou,McCloud Union Elementary,0624210
4770417,Siskiyou,Montague Elementary,0625380
4770425,Siskiyou,Mt. Shasta Union Elementary,0626040
4770433,Siskiyou,Quartz Valley Elementary,0631650
4770441,Siskiyou,Sawyers Bar Elementary,0636060
4770458,Siskiyou,Seiad Elementary,0636240
4770466,Siskiyou,Siskiyou Union High,0636940
4770482,Siskiyou,Weed Union Elementary,0641980
4770490,Siskiyou,Willow Creek Elementary,0642600
4770508,Siskiyou,Yreka Union Elementary,0643380
4770516,Siskiyou,Yreka Union High,0643410
4773684,Siskiyou,Butte Valley Unified,0606580
4774690,Siskiyou,Siskiyou County ROP,No Data
4774872,Siskiyou,Siskiyou ROP,0600127
4776455,Siskiyou,Scott Valley Unified,0600159
4810488,Solano,Solano County Office of Education,0691122
4870524,Solano,Benicia Unified,0604620
4870532,Solano,Dixon Unified,0611280
4870540,Solano,Fairfield-Suisun Unified,0613360
4870565,Solano,Travis Unified,0639630
4870573,Solano,Vacaville Unified,0640590
4870581,Solano,Vallejo City Unified,0640740
4874674,Solano,Solano County ROP,0600128
4876661,Solano,SBE - Dixon Montessori Charter,0601340
4910496,Sonoma,Sonoma County Office of Education,0691040
4932011,Sonoma,Los Guilucos School for Girls,No Data
4970599,Sonoma,Alexander Valley Union Elementary,0601890
4970607,Sonoma,West Sonoma County Union High,0602670
4970615,Sonoma,Bellevue Union,0604380
4970623,Sonoma,Bennett Valley Union Elementary,0604650
4970649,Sonoma,Cinnabar Elementary,0608700
4970656,Sonoma,Cloverdale Unified,0608970
4970664,Sonoma,Cotati-Rohnert Park Elementary,No Data
4970672,Sonoma,Dunham Elementary,0611610
4970680,Sonoma,Forestville Union Elementary,0614010
4970698,Sonoma,Fort Ross Elementary,0614130
4970706,Sonoma,Geyserville Unified,0615150
4970714,Sonoma,Gravenstein Union Elementary,0615840
4970722,Sonoma,Guerneville Elementary,0616320
4970730,Sonoma,Harmony Union Elementary,0616620
4970748,Sonoma,Healdsburg Union Elementary,No Data
4970755,Sonoma,Healdsburg Union High,No Data
4970763,Sonoma,Horicon Elementary,0617580
4970789,Sonoma,Kenwood,0619410
4970797,Sonoma,Liberty Elementary,0621540
4970805,Sonoma,Mark West Union Elementary,0624000
4970813,Sonoma,Monte Rio Union Elementary,0625410
4970821,Sonoma,Montgomery Elementary,0625650
4970839,Sonoma,Oak Grove Union Elementary,0627840
4970847,Sonoma,Old Adobe Union,0628320
4970854,Sonoma,Petaluma City Elementary,0630230
4970862,Sonoma,Petaluma Joint Union High,0630250
4970870,Sonoma,Piner-Olivet Union Elementary,0630450
4970888,Sonoma,Kashia Elementary,0632340
4970896,Sonoma,Rincon Valley Union Elementary,0632640
4970904,Sonoma,Roseland,0633510
4970912,Sonoma,Santa Rosa Elementary,0635810
4970920,Sonoma,Santa Rosa High,0635830
4970938,Sonoma,Sebastopol Union Elementary,0636180
4970953,Sonoma,Sonoma Valley Unified,0637200
4970961,Sonoma,Twin Hills Union Elementary,0640230
4970979,Sonoma,Two Rock Union,0640260
4970995,Sonoma,Waugh Elementary,0641790
4971001,Sonoma,West Side Union Elementary,0642270
4971019,Sonoma,Wilmar Union Elementary,0642750
4971027,Sonoma,Windsor Union Elementary,No Data
4971035,Sonoma,Wright Elementary,0643200
4973882,Sonoma,Cotati-Rohnert Park Unified,0609940
4974591,Sonoma,Sonoma County ROP,0600129
4975358,Sonoma,Windsor Unified,0600034
4975390,Sonoma,Healdsburg Unified,0600044
4976604,Sonoma,SBE - River Montessori Elementary Charter,0601338
5010504,Stanislaus,Stanislaus County Office of Education,0691041
5071043,Stanislaus,Ceres Unified,0608130
5071050,Stanislaus,Chatom Union,0608250
5071068,Stanislaus,Denair Unified,0611040
5071076,Stanislaus,Empire Union Elementary,0612690
5071084,Stanislaus,Gratton Elementary,0615810
5071092,Stanislaus,Hart-Ransom Union Elementary,0616650
5071100,Stanislaus,Hickman Community Charter,0617160
5071118,Stanislaus,Hughson Union Elementary,No Data
5071126,Stanislaus,Hughson Union High,No Data
5071134,Stanislaus,Keyes Union,0619620
5071142,Stanislaus,Knights Ferry Elementary,0620010
5071159,Stanislaus,La Grange Elementary,0620160
5071167,Stanislaus,Modesto City Elementary,0625130
5071175,Stanislaus,Modesto City High,0625150
5071183,Stanislaus,Oakdale Union Elementary,No Data
5071191,Stanislaus,Oakdale Joint Union High,No Data
5071209,Stanislaus,Paradise Elementary,0629790
5071217,Stanislaus,Patterson Joint Unified,0630030
5071225,Stanislaus,Riverbank Elementary,No Data
5071233,Stanislaus,Roberts Ferry Union Elementary,0633210
5071266,Stanislaus,Salida Union Elementary,0633900
5071274,Stanislaus,Shiloh Elementary,0636660
5071282,Stanislaus,Stanislaus Union Elementary,0637950
5071290,Stanislaus,Sylvan Union Elementary,0638670
5071308,Stanislaus,Turlock Joint Elementary,0640050
5071316,Stanislaus,Turlock Joint Union High,0640080
5071324,Stanislaus,Valley Home Joint Elementary,0640800
5071332,Stanislaus,Waterford Elementary,No Data
5073601,Stanislaus,Newman-Crows Landing Unified,0627200
5074609,Stanislaus,Yosemite ROP,0600144
5075549,Stanislaus,Hughson Unified,0600060
5075556,Stanislaus,Riverbank Unified,0600061
5075564,Stanislaus,Oakdale Joint Unified,0600062
5075572,Stanislaus,Waterford Unified,0600063
5075739,Stanislaus,Turlock Unified,0600158
5076638,Stanislaus,SBE - Aspire Vanguard College Preparatory Academy,0601342
5110512,Sutter,Sutter County Office of Education,0691042
5171357,Sutter,Brittan Elementary,0606090
5171365,Sutter,Browns Elementary,0606100
5171373,Sutter,East Nicolaus Joint Union High,0611780
5171381,Sutter,Franklin Elementary,0614340
5171399,Sutter,Live Oak Unified,0622050
5171407,Sutter,Marcum-Illinois Union Elementary,0623800
5171415,Sutter,Meridian Elementary,0624690
5171423,Sutter,Nuestro Elementary,0627750
5171431,Sutter,Pleasant Grove Joint Union,0630900
5171449,Sutter,Sutter Union High,0638610
5171456,Sutter,Winship-Robbins,0642900
5171464,Sutter,Yuba City Unified,0643470
5174633,Sutter,Tri-County ROP,0600145
5210520,Tehama,Tehama County Department of Education,0691043
5271472,Tehama,Antelope Elementary,0602760
5271480,Tehama,Bend Elementary,0604590
5271498,Tehama,Corning Union Elementary,0609780
5271506,Tehama,Corning Union High,0609810
5271514,Tehama,Elkins Elementary,0612420
5271522,Tehama,Evergreen Union,0613170
5271530,Tehama,Flournoy Union Elementary,0613860
5271548,Tehama,Gerber Union Elementary,0615090
5271555,Tehama,Kirkwood Elementary,0619860
5271563,Tehama,Lassen View Union Elementary,0621090
5271571,Tehama,Los Molinos Unified,0622860
5271589,Tehama,Manton Joint Union Elementary,0623670
5271605,Tehama,Mineral Elementary,0625020
5271613,Tehama,Plum Valley Elementary,0631140
5271621,Tehama,Red Bluff Union Elementary,0631980
5271639,Tehama,Red Bluff Joint Union High,0632010
5271647,Tehama,Reeds Creek Elementary,0632250
5271654,Tehama,Richfield Elementary,0632400
5274310,Tehama,Tehama County ROP,0600146
5310538,Trinity,Trinity County Office of Education,0691044
5371662,Trinity,Burnt Ranch Elementary,0606510
5371670,Trinity,Coffee Creek Elementary,0609240
5371688,Trinity,Cox Bar Elementary,0610080
5371696,Trinity,Douglas City Elementary,0611430
5371704,Trinity,Hayfork Valley Union Elementary,No Data
5371712,Trinity,Hoaglin-Zenia Union Elementary,No Data
5371720,Trinity,Hyampom Elementary,No Data
5371738,Trinity,Junction City Elementary,0619170
5371746,Trinity,Lewiston Elementary,0621480
5371753,Trinity,Mad River Joint Elementary,No Data
5371761,Trinity,Trinity Center Elementary,0639750
5371779,Trinity,Trinity Union High,0639800
5371787,Trinity,Weaverville Elementary,0641910
5373833,Trinity,Southern Trinity Joint Unified,0637630
5375028,Trinity,Mountain Valley Unified,0600018
5376513,Trinity,Trinity Alps Unified,0601331
5410546,Tulare,Tulare County Office of Education,0691045
5471795,Tulare,Allensworth Elementary,0601980
5471803,Tulare,Alpaugh Unified,0602010
5471811,Tulare,Alta Vista Elementary,0602220
5471829,Tulare,Buena Vista Elementary,0606420
5471837,Tulare,Burton Elementary,0606570
5471845,Tulare,Citrus South Tule Elementary,0608730
5471852,Tulare,Columbine Elementary,0609510
5471860,Tulare,Cutler-Orosi Joint Unified,0610350
5471878,Tulare,Dinuba Elementary,No Data
5471886,Tulare,Dinuba Joint Union High,No Data
5471894,Tulare,Ducor Union Elementary,0611550
5471902,Tulare,Earlimart Elementary,0611760
5471910,Tulare,Exeter Union Elementary,0613200
5471928,Tulare,Exeter Union High,0613230
5471936,Tulare,Farmersville Elementary,No Data
5471944,Tulare,Hope Elementary,0617520
5471951,Tulare,Hot Springs Elementary,0617640
5471969,Tulare,Kings River Union Elementary,0619740
5471985,Tulare,Liberty Elementary,0621570
5471993,Tulare,Lindsay Unified,0621870
5472009,Tulare,Monson-Sultana Joint Union Elementary,0625350
5472017,Tulare,Oak Valley Union Elementary,0627900
5472025,Tulare,Outside Creek Elementary,0629160
5472033,Tulare,Palo Verde Union Elementary,0629670
5472041,Tulare,Pixley Union Elementary,0630630
5472058,Tulare,Pleasant View Elementary,0631050
5472066,Tulare,Porterville Elementary,No Data
5472074,Tulare,Porterville Union High,No Data
5472082,Tulare,Richgrove Elementary,0632430
5472090,Tulare,Rockford Elementary,0633270
5472108,Tulare,Saucelito Elementary,0635940
5472116,Tulare,Sequoia Union Elementary,0636360
5472132,Tulare,Springville Union Elementary,0637770
5472140,Tulare,Stone Corral Elementary,0638040
5472157,Tulare,Strathmore Union Elementary,0638130
5472165,Tulare,Strathmore Union High,0638160
5472173,Tulare,Sundale Union Elementary,0638340
5472181,Tulare,Sunnyside Union Elementary,0638430
5472199,Tulare,Terra Bella Union Elementary,0639060
5472207,Tulare,Three Rivers Union Elementary,0639210
5472215,Tulare,Tipton Elementary,0639300
5472223,Tulare,Traver Joint Elementary,0639600
5472231,Tulare,Tulare City,0639870
5472249,Tulare,Tulare Joint Union High,0639930
5472256,Tulare,Visalia Unified,0641160
5472264,Tulare,Waukena Joint Union Elementary,0641820
5472272,Tulare,Woodlake Union Elementary,0643020
5472280,Tulare,Woodlake Union High,0643050
5472298,Tulare,Woodville Union Elementary,0643170
5474179,Tulare,Tulare County Organization for Vocational Education,0600147
5475325,Tulare,Farmersville Unified,0600035
5475523,Tulare,Porterville Unified,0600064
5475531,Tulare,Dinuba Unified,0600065
5476794,Tulare,Woodlake Unified,0601418
5476836,Tulare,Exeter Unified,0601423
5510553,Tuolumne,Tuolumne County Superintendent of Schools,0691046
5532250,Tuolumne,Sierra Conservation Center,No Data
5572306,Tuolumne,Belleview Elementary,0604500
5572314,Tuolumne,Big Oak Flat-Groveland Union Elementary,No Data
5572330,Tuolumne,Chinese Camp Elementary,0608430
5572348,Tuolumne,Columbia Union,0609480
5572355,Tuolumne,Curtis Creek Elementary,0610320
5572363,Tuolumne,Jamestown Elementary,0618690
5572371,Tuolumne,Sonora Elementary,0637230
5572389,Tuolumne,Sonora Union High,0637260
5572397,Tuolumne,Soulsbyville Elementary,0637320
5572405,Tuolumne,Summerville Elementary,0638250
5572413,Tuolumne,Summerville Union High,0638280
5572421,Tuolumne,Twain Harte,0640200
5575184,Tuolumne,Big Oak Flat-Groveland Unified,0691137
5610561,Ventura,Ventura County Office of Education,0691047
5632052,Ventura,Ventura School for Girls,No Data
5672447,Ventura,Briggs Elementary,0606030
5672454,Ventura,Fillmore Unified,0613800
5672462,Ventura,Hueneme Elementary,0617850
5672470,Ventura,Mesa Union Elementary,0624720
5672488,Ventura,Moorpark Union Elementary,No Data
5672496,Ventura,Moorpark Memorial Union High,No Data
5672504,Ventura,Mupu Elementary,0626460
5672512,Ventura,Ocean View,0628170
5672520,Ventura,Ojai Unified,0628270
5672538,Ventura,Oxnard,0629220
5672546,Ventura,Oxnard Union High,0629270
5672553,Ventura,Pleasant Valley,0630990
5672561,Ventura,Rio Elementary,0632760
5672579,Ventura,Santa Clara Elementary,0635490
5672587,Ventura,Santa Paula Elementary,0635730
5672595,Ventura,Santa Paula Union High,0635760
5672603,Ventura,Simi Valley Unified,0636840
5672611,Ventura,Somis Union,0637140
5672645,Ventura,Valley Oaks Union Elementary,No Data
5672652,Ventura,Ventura Unified,0640980
5673759,Ventura,Conejo Valley Unified,0609640
5673874,Ventura,Oak Park Unified,0627850
5673940,Ventura,Moorpark Unified,0625690
5674617,Ventura,Ventura County ROP,0600148
5676828,Ventura,Santa Paula Unified,0601421
5710579,Yolo,Yolo County Office of Education,0691049
5772678,Yolo,Davis Joint Unified,0610620
5772686,Yolo,Esparto Unified,0612930
5772694,Yolo,Washington Unified,0641580
5772702,Yolo,Winters Joint Unified,0642930
5772710,Yolo,Woodland Joint Unified,0643080
5774625,Yolo,Yolo County ROP,0600149
5776695,Yolo,"SBE - California College, Career & Technical Education Center",0601413
5810587,Yuba,Yuba County Office of Education,0691048
5872728,Yuba,Camptonville Elementary,0607260
5872736,Yuba,Marysville Joint Unified,0624090
5872744,Yuba,Plumas Lake Elementary,0631180
5872751,Yuba,Wheatland,0642330
5872769,Yuba,Wheatland Union High,0642350
